-94.044459001017799,32.694849889881432,138.022764952853322
-94.04426009537994,32.769805896907322,138.286009235307574
-94.04434022729167,32.778677423684435,138.317314975894988
-94.044251279749673,32.782372227907992,138.330129936337471
-94.044142346854954,32.787090977851605,138.346502726897597
-94.044060370101903,32.788786888437613,138.35230921395123
-94.044339530179002,32.799289326542201,138.389681448228657
-94.044099615386529,32.873295394119772,138.648723172023892
-94.044339752540324,32.882254915672362,138.680531427264214
-94.044200757361267,32.882773889569052,138.682097904384136
-94.044200476600778,32.882897443264717,138.682530004531145
-94.044173931158397,32.894579262917539,138.723377397283912
-94.044200022404837,32.900718936659096,138.744912378489971
-94.04440719085143,32.911828344747597,138.784157318994403
-94.044382602856828,32.939708865668074,138.881610427983105
-94.044403865292693,32.957396927416411,138.943462261930108
-94.044280807088967,33.021020557855913,139.16531883366406
-94.042760775509592,33.020989575534692,139.162473983131349
-94.037155660112788,33.020946636946618,139.152232812717557
-94.029299499157489,33.020940720140281,139.1380694527179
-94.025791428327281,33.021008753544798,139.131992029957473
-93.815865122774724,33.021175955498023,138.755326713435352
-93.80624194970089,33.02115127419205,138.737976845353842
-93.532805275332848,33.020449963324936,138.246076955460012
-93.526222139121359,33.020444032540766,138.234298432245851
-93.522300057054679,33.020423197117992,138.227221117354929
-93.522277057228933,33.020423074935159,138.227179615758359
-93.492198432446727,33.020249398811103,138.172869145870209
-93.491825400282352,33.020249671642127,138.172204241156578
-93.490811403760205,33.020250413266133,138.170396881178021
-93.468346941280132,33.020418639325058,138.130894602276385
-93.37843707282795,33.020042598625686,137.969265036284924
-93.34165531131265,33.020145977112129,137.904109361581504
-93.309699645641501,33.019988318807869,137.846667263656855
-93.309482640797498,33.019965322283987,137.846200494095683
-93.239907192709822,33.019802056151356,137.721865378320217
-93.198701335005723,33.019761487440832,137.648489625193179
-93.155649437394572,33.019666940497444,137.571695296093822
-93.102740333275051,33.019551496820078,137.477392760105431
-93.102278324317339,33.019597499199357,137.476734491065145
-93.082724918695675,33.019739694939418,137.442552167922258
-93.074463745960358,33.019709782359385,137.427798093296587
-93.071982692658395,33.019603813720082,137.423027290962636
-92.990002788370532,33.019110593416571,137.276036525145173
-92.972431605425811,33.01900487877441,137.244555982761085
-92.947847085918809,33.01862015399881,137.199693874455988
-92.868802421195582,33.017876012253588,137.057297274470329
-92.855459142794061,33.017946146727127,137.033964564092457
-92.845577934921664,33.017884252279806,137.016289353370667
-92.84536492993476,33.017848256378556,137.015786643140018
-92.832089646376076,33.017475413400248,136.991027220152318
-92.734486580320748,33.016162491768291,136.814158141613007
-92.726283408174183,33.016166576308194,136.799707319587469
-92.726032232379936,33.016162570147394,136.799250358715653
-92.724842377585972,33.016143592404163,136.79708568379283
-92.71717321758176,33.016213667944889,136.783810514956713
-92.712578119767272,33.016122720190957,136.775390087626874
-92.505060722455113,33.013978972587836,136.402642847038805
-92.502667671993294,33.013977997271105,136.398435086011887
-92.471046003000609,33.013828330526465,136.342368001118302
-92.371571884098245,33.012536420844555,136.163289716467261
-92.364146725890791,33.01244750176609,136.149960295297205
-92.337174151649634,33.012168793314821,136.101709155365825
-92.293944233614297,33.011923249771165,136.025127311237156
-92.224103739918178,33.010901019330376,135.899313233792782
-92.070380464841023,33.009985640180886,135.627585196867585
-91.953230962329215,33.009251874542613,135.420836068689823
-91.951273921976409,33.009343889681517,135.41775372158736
-91.627936003707404,33.008466224064392,134.853253488428891
-91.618880810845823,33.008544311816827,134.837851448915899
-91.610266623988579,33.008383407579643,134.82236984744668
-91.581066997635389,33.008345705545899,134.771703651174903
-91.58090399348437,33.00829970960239,134.771258900873363
-91.573590842918335,33.008735760917645,134.760149459354579
-91.560758566782823,33.008667894483743,134.737712632864714
-91.461632521261308,33.008075204584159,134.564313285984099
-91.437043900142399,33.00792818516684,134.521345178596675
-91.426727677212824,33.007845293780029,134.503247944638133
-91.377276610533755,33.007623804975587,134.41716424562037
-91.334270681097379,33.007359252953336,134.342103467322886
-91.331026609707749,33.007251291327364,134.336131798103452
-91.32765553647458,33.00720632769179,134.330164829269052
-91.326296507037085,33.007194342030694,134.327781128697097
-91.323765452201613,33.007171368768581,134.323339563794434
-91.313275225136252,33.007092478722221,134.304990866221488
-91.285656626452635,33.006837770568247,134.256531294435263
-91.266276209807288,33.006914961922739,134.223446730524302
-91.167329060930598,33.005938009413214,134.049844422377646
-91.20309822558535,32.963045888539916,133.959150019101799
-91.215283051545299,32.932155380112206,133.870413386262953
-91.214092909813601,32.923939821558669,133.839174514636397
-91.209518715879781,32.91719022042313,133.807314794510603
-91.198040347450842,32.908620783828873,133.757098412141204
-91.176659790684894,32.901835353328146,133.696182707324624
-91.161229456173032,32.901716514382429,133.669218093156815
-91.146330213850106,32.90733137026551,133.663567243143916
-91.135295147433524,32.919512844191011,133.68791473377496
-91.133369182666456,32.924958578908019,133.703965515829623
-91.132201732038496,32.96564946518653,133.846532515250146
-91.139840003573795,32.973185994997891,133.886411954648793
-91.135669043334175,32.982366557733393,133.91183471493423
-91.12636190076789,32.986502435442191,133.910529224202037
-91.107835560785702,32.99077139887693,133.893871627748013
-91.095519229955372,32.986204760864226,133.856523379683495
-91.088055954035298,32.978100258690709,133.814942990429699
-91.06522672459208,32.925950210501824,133.590450269170105
-91.065061433673776,32.905547278253103,133.517588364891708
-91.071854368680462,32.890497996909303,133.47569349873811
-91.087935501318995,32.875231634243995,133.448966135270894
-91.106883699594547,32.86023622906572,133.42812626529485
-91.117343886620148,32.8574812685033,133.436296782456338
-91.12913913294291,32.856899180841793,133.454506808891892
-91.146255330817127,32.84471064749728,133.440529658459127
-91.159589329399878,32.824145591076245,133.39018852263689
-91.162922263107632,32.814307073211459,133.360850849188864
-91.165649948153018,32.787664442507769,133.270516689866781
-91.166580484711091,32.753146243936051,133.148892045021057
-91.164641382897472,32.74885448854981,133.130221369676292
-91.155713125295165,32.744184822842776,133.098157010041177
-91.12440345720411,32.744644111440245,133.04587315954268
-91.078426322712289,32.734381108843877,132.930051612667739
-91.062015898454348,32.729341536958266,132.883797933347523
-91.055730689856304,32.72410687433792,132.854264532215893
-91.05829261009201,32.714424357044145,132.824035548605025
-91.065195624444868,32.704774794894121,132.801386286504567
-91.077310757783366,32.695600156012198,132.789403185248375
-91.100012129128345,32.687140374226779,132.798209548927844
-91.119508392822183,32.675924769328574,132.791642418131232
-91.15333166744189,32.643359144761675,132.733307927846909
-91.155071562612136,32.633133665446678,132.699665610678494
-91.152568295183443,32.6177714988955,132.640276731923223
-91.147454021606265,32.605997169673373,132.589227801188827
-91.142397816571318,32.599062585131222,132.55562830157578
-91.129161383174733,32.588347281096482,132.494343566708267
-91.121103186282696,32.586649450638461,132.474350148811936
-91.10536022064565,32.586511286359688,132.446704565547407
-91.098022498111902,32.578507274154781,132.405316326767206
-91.09201880688822,32.565834201309237,132.349450656212866
-91.091859626413211,32.564560979195655,132.344602606259286
-91.090684563226091,32.555162109939573,132.308809185400605
-91.094989130404343,32.550984589150161,132.301221575587988
-91.099126158855626,32.546608778723055,132.292631828226149
-91.117955947096874,32.501997944713217,132.16470621433109
-91.117255697408197,32.484999848832977,132.102322649210691
-91.110055389577553,32.473900506208921,132.04992819018662
-91.096554916157459,32.460602342209697,131.978720905259252
-91.071453189351715,32.447003309000912,131.886384080164135
-91.054152725229343,32.440304834011371,131.832378769293427
-91.030851156721965,32.435405323248297,131.774508778005838
-90.995323984930806,32.4057272424118,131.606144795194268
-91.00574971975098,32.370011028099164,131.495126239024103
-91.004749616117948,32.364012355312035,131.471721766516566
-91.0013494820993,32.359562624270438,131.449771010316908
-90.987915111988258,32.353628070719616,131.405136404559016
-90.913604344650381,32.341323453590775,131.232497499324381
-90.902752183201656,32.339733466129935,131.208044216968119
-90.899828659090772,32.330963945764253,131.171268816106021
-90.906413863010059,32.317367792119001,131.133395945653319
-91.005798637064743,32.217256122335478,130.942025131545961
-91.007547793804292,32.226024639736373,130.976866820827127
-91.02274928335622,32.238022853619462,131.046664864756167
-91.040249743384422,32.244222352583414,131.09939946886152
-91.047749888002926,32.243022342488572,131.108016700483859
-91.123845732309249,32.218802479521706,131.151876430027187
-91.134831377546789,32.215305957136223,131.158223394304514
-91.159270744615611,32.203830326261503,131.15894609503448
-91.165415807157004,32.19876253509311,131.151212782599032
-91.172290677207201,32.178401549852786,131.089242310263216
-91.175796459274864,32.156854661402441,131.017084609717131
-91.172946252585319,32.146127260205354,130.973170843906701
-91.166695983686708,32.136167851666102,130.926137082278728
-91.164065905772759,32.13457196245178,130.915774273686111
-91.132646145648877,32.128091616001051,130.837724911049008
-91.06824546432297,32.134023025138731,130.747693820856512
-91.058728850954623,32.137393367090354,130.743469992652535
-91.053583391678984,32.139215649512678,130.741187399253249
-91.047856990734417,32.140647214343765,130.736479197628796
-91.041772643650546,32.139215765347735,130.720741613768041
-91.035688282018498,32.136710702181709,130.701100048609078
-91.031393395435757,32.131700498648208,130.675443474203348
-91.028172202497629,32.125616663521875,130.647736448794603
-91.028365733240207,32.122313973363227,130.636055238544941
-91.028776092516594,32.11531100608272,130.611282997764647
-91.029186937996371,32.114601952710046,130.609413797035813
-91.035947734204768,32.102933903450193,130.578649528324604
-91.129250176760848,31.987743130851708,130.320525188930333
-91.249386180632072,31.871739159829438,130.105467802844942
-91.294656014310377,31.862051236459674,130.148915030062199
-91.328157657125132,31.856852187558189,130.188323836773634
-91.339657851966194,31.853152273424154,130.194850418716669
-91.346957894410338,31.844752652363166,130.176844857633114
-91.360757604516778,31.801255850923059,130.041610907763243
-91.364957439388206,31.782257829820665,129.979299317114055
-91.366857217601236,31.762658863914378,129.910728945396841
-91.366327534284963,31.754639331832994,129.880375556647778
-91.370618112215112,31.748799571867693,129.866442884318531
-91.381178553069802,31.734909993191117,129.833918274380267
-91.399158216499671,31.711262311659805,129.778518022969365
-91.401357980466784,31.690063430773186,129.704464834183455
-91.399301566600812,31.657822751195933,129.582296212203801
-91.405910051556873,31.639800230158773,129.527541762217879
-91.423332992476361,31.633191808735205,129.533733029849827
-91.442558385727679,31.633191621590921,129.567419650033116
-91.453973470181111,31.633191510444945,129.587426315061748
-91.465989326335503,31.630788405495572,129.599645375274122
-91.476202730634711,31.623579330645754,129.59101683832705
-91.479206558846286,31.612765809351465,129.556470343843102
-91.479206478995252,31.606758328062245,129.534345930442214
-91.479206391186636,31.600150088215432,129.51000471226871
-91.478605507675297,31.594142612861308,129.486818444915116
-91.471996683890282,31.587534437405306,129.450874672271311
-91.459922172202411,31.585130770994919,129.420836159959435
-91.449862668365384,31.584936616023246,129.402478265576065
-91.43895296300596,31.582728771494565,129.375209672376513
-91.426336231343384,31.579725147724044,129.342016790993512
-91.416723414752155,31.568911761108637,129.285290626809001
-91.417924927274157,31.563505015296109,129.267454273998737
-91.423932775836505,31.556295970390281,129.251392934471369
-91.438857888225712,31.548072719764136,129.247226182371378
-91.451259064422175,31.541572950287296,129.244995723478496
-91.480960569125386,31.532273164074621,129.262801029719412
-91.512460264325469,31.5345187366472,129.326401899568737
-91.51705333856529,31.532800784818068,129.328130557201803
-91.52416334229089,31.521748312966199,129.299831697717309
-91.516372244154823,31.4511172087566,129.025167932733893
-91.51159800784869,31.440839811379,128.978756243363023
-91.506542822306272,31.434857184277536,128.947732006199658
-91.501647995842319,31.420920858989319,128.887544260360301
-91.50633397554455,31.402846874098618,128.828858376480639
-91.515036706908404,31.388789260002934,128.792090802453458
-91.526627534390371,31.380818917311817,128.782951704226434
-91.542484006662846,31.358665737431,128.728746698237956
-91.541144830545264,31.339252992073924,128.654391437768936
-91.532441773869067,31.328542578762985,128.599325575865805
-91.521060813557156,31.313146365861446,128.522134494967759
-91.510098041204174,31.293563811438933,128.430100397206843
-91.516854007716987,31.280130475860499,128.392083255574107
-91.523637087945133,31.275343670450319,128.386241030879319
-91.548828500826303,31.266364915205749,128.397256883792579
-91.575734025667231,31.263209826933288,128.432963458821177
-91.599730800906656,31.207408630662769,128.267733020707965
-91.601205815346603,31.194242273596057,128.221316518262029
-91.605437256671465,31.156471349739476,128.088062971830368
-91.578611701155509,31.080109771830919,127.755693253129721
-91.565388276438824,31.068761518160255,127.689921748824418
-91.562521139505222,31.06283786901567,127.662713592872024
-91.561145022730969,31.056051252703124,127.634909071028233
-91.563705935337993,31.045145823566354,127.598651971668005
-91.572932955252739,31.031715468556456,127.564719608984888
-91.585908103394729,31.022118868381188,127.551750439219177
-91.638180930848492,31.001350502095814,127.566500233486295
-91.626356679836292,31.001101629135686,127.544639559462667
-91.539963870609611,31.001323445106181,127.392681288532913
-91.426983491703552,31.000943546971737,127.191785830073059
-91.424855446645893,31.000920568570017,127.187946225516498
-91.226069260420815,31.001121454664482,126.838676977902651
-91.225298244145208,31.001121462009515,126.837321720086038
-91.177438232919414,31.001082919882112,126.753084338270128
-91.177368983728613,31.00108265138725,126.752961709164083
-91.109518793717683,31.000819580394097,126.632876295596361
-91.109341789678908,31.000796583331098,126.632479465566576
-91.082041212723198,31.000848839990095,126.584793922491372
-91.069496947360733,31.000859958583849,126.562842200510204
-91.061444000567732,31.000874661015303,126.548780930228531
-90.82724881419314,31.001302231360658,126.140713235363364
-90.827051175491007,31.001302639863795,126.140369747765362
-90.784965916114501,31.001389626521291,126.067254499532282
-90.781078833545834,31.001399662724889,126.060511672869325
-90.77720175149004,31.001433697524995,126.053876963444054
-90.770553608540737,31.001316766734707,126.041842325590551
-90.759995386510923,31.001525855143278,126.024216519668698
-90.73577186625343,31.001165103657787,125.980630951933563
-90.735692864469485,31.001157104839447,125.980463179759681
-90.65241109369795,31.001453874844298,125.836529329419136
-90.649939040679925,31.001429899466721,125.832136858254671
-90.589892761665084,31.001594456602124,125.728310560807586
-90.588589733265891,31.001548471380932,125.725872249342501
-90.585664672016975,31.001642493827482,125.721141062676907
-90.584734652162837,31.00164250258948,125.71952439006418
-90.56841130408273,31.001677654449971,125.69128521066159
-90.548831367952388,31.001668103878242,125.657228299416602
-90.48796358447197,31.001638413788147,125.551430919207633
-90.487090566398805,31.001685419444186,125.55009286198765
-90.478498382354843,31.001662501498373,125.535097194835544
-90.477142353643757,31.001685512999668,125.53283101413399
-90.475308315151452,31.001743527093062,125.52986731659621
-90.443692637783073,31.001667828427177,125.474744467064738
-90.442938621735308,31.001674835132867,125.47346336953342
-90.438564528135586,31.001675876183619,125.465882863849401
-90.428062303925159,31.001721972364486,125.447848591022193
-90.423330203054903,31.001756014974575,125.439773778431118
-90.370583079970046,31.002281481757198,125.350363314151764
-90.348452567219482,31.00230567624725,125.312136691063643
-90.348441605744057,31.002305688231019,125.312117761000991
-90.347218579577813,31.002309699488386,125.310015707276762
-90.2607646543633,31.002604657336111,125.161584186367691
-90.165883694153223,31.002928364565584,124.998949340544641
-90.165485686161858,31.002973365845641,124.998432249762118
-90.132601977580791,31.002872678764984,124.941328977234662
-90.129612914817301,31.002995700027615,124.936638458631933
-90.051911243948723,31.003164416616027,124.803380689583719
-90.030778788250771,31.003139615166759,124.766904230229557
-90.023389630390938,31.003251678026292,124.75460864789784
-90.006536267833198,31.003313831855536,124.725841127336025
-89.976633627033522,31.00364209285771,124.675643595866859
-89.974005566569545,31.003342133617632,124.669992404989898
-89.928363582083236,31.003387556395932,124.591710842214525
-89.924321494922523,31.003396593548928,124.584800197742879
-89.898717947828686,31.003863806601732,124.542585887014866
-89.893909842030894,31.003709859698443,124.533748366869986
-89.858063071351907,31.004026176090271,124.473409855738282
-89.837108578493115,31.004010646444648,124.437400252558291
-89.836742610197135,31.004010375220197,124.436771469190717
-89.825817373938634,31.004011476732355,124.418037043884397
-89.817629197131694,31.004035551540348,124.404086302965879
-89.753840919543336,31.003805156732422,124.29389838501811
-89.733702414766285,31.006783182231974,124.270662231370807
-89.729345290362886,31.004383352625979,124.254136587493122
-89.729346270974588,31.004252577366515,124.253644206561148
-89.729579904466718,30.973095045371629,124.136281995102763
-89.745986608540377,30.92088972395096,123.96685843449086
-89.757740632441127,30.902388619072411,123.916941556148231
-89.772128931186074,30.901389540087731,123.937832206487656
-89.774607963142046,30.899650611526852,123.935497285798192
-89.791060744593366,30.853486966514865,123.78875451348722
-89.827372104095559,30.738559884282981,123.414620538242161
-89.84379258731677,30.668007579537775,123.174245554953814
-89.84378163229735,30.667974794123822,123.174101747572422
-89.824579466025611,30.610507895334646,122.921845542266965
-89.808037661968285,30.574014041275781,122.753970332443714
-89.761762976720746,30.517739542698802,122.459041676484048
-89.733769089806415,30.494482071405798,122.321779712103307
-89.72580591089077,30.493882177042298,122.305775756016374
-89.691771106164467,30.460755081224562,122.120216524228454
-89.684600534575011,30.453775748880108,122.081107033416629
-89.631129021053809,30.341438393307602,121.557412214577198
-89.631064797218571,30.323007405347663,121.486338772810996
-89.641881792657003,30.303304388847888,121.429060805588961
-89.64476275571711,30.295090813770294,121.402370642870665
-89.644627687546688,30.28967411251109,121.381261185742915
-89.608841068422095,30.219092316126087,121.047292456030846
-89.581939118835749,30.188195259016535,120.881567377597094
-89.573838880949481,30.18289562380971,120.847128612920642
-89.525687841744471,30.182752066480425,120.763707015663385
-89.532396942665443,30.179098206950215,120.761115979403257
-89.538677403677909,30.1737445288869,120.75121249537915
-89.556196983659547,30.172797436722856,120.777700982056558
-89.564009747249514,30.170666770360913,120.782908249646425
-89.569454965625553,30.165932055669472,120.773966577835381
-89.573277623270428,30.162361759010366,120.766735544428229
-89.588246829450398,30.152648158665652,120.754930889233947
-89.596205991719799,30.15189112849545,120.765713542699814
-89.599212086517127,30.154408962707599,120.780636322684586
-89.618727554462509,30.158421565492226,120.829792467877269
-89.624065328499611,30.15436729544615,120.823307211510837
-89.626238647823129,30.152716565507788,120.820666656829417
-89.642174845841168,30.140612334576836,120.801303918473423
-89.645736073862068,30.136108784564534,120.790015035308897
-89.651652996552272,30.128626209209756,120.771256101317704
-89.658171947980577,30.120382304854211,120.750584690831602
-89.659780086697154,30.119365208875088,120.749421130865812
-89.669350085719273,30.113312492530227,120.742497408762574
-89.6698237235249,30.113012931864358,120.742154764942825
-89.670343227952728,30.112684362036482,120.741778943687677
-89.670368117936604,30.112668619922861,120.74176094122231
-89.674067637531408,30.112491462834228,120.74746032897383
-89.675310567096673,30.112431943272494,120.749375255778432
-89.67581923194507,30.112407585086935,120.75015894882381
-89.676142264870066,30.11221359286461,120.749965281225741
-89.676948412891107,30.111729473649476,120.749481978826225
-89.677302898128175,30.111516593247643,120.749269462190568
-89.679341857381203,30.110292129096589,120.748047110624611
-89.679349282463264,30.110287670083082,120.748042658902705
-89.679478827177377,30.109747645078993,120.746174847707152
-89.679643600292849,30.109060765627405,120.743799063377082
-89.679684993448987,30.108888212549097,120.74320222530514
-89.680841103703671,30.104068807588831,120.726531463675201
-89.681008972159233,30.10336902479812,120.724110664799809
-89.681024167757187,30.103305679854174,120.723891532979906
-89.681228436661854,30.102454156777057,120.720945740118623
-89.681535844671956,30.101172684131846,120.716512436047196
-89.681671599738976,30.100606770431487,120.71455458458513
-89.682451143524759,30.09735713478279,120.703311459161341
-89.683092183289688,30.094684872247875,120.694065178744495
-89.683243329806402,30.094054797182384,120.691884962841868
-89.683367168769948,30.093538557413357,120.69009861536324
-89.683367615174646,30.093534032513691,120.69008185248822
-89.683462975677841,30.092567428175478,120.686501308344305
-89.683466349473605,30.092533230310192,120.686374629847705
-89.68351723758272,30.092017412280853,120.684463870711625
-89.683557431765848,30.091609991282763,120.682954632677138
-89.683578812156057,30.09139327286131,120.682151818647981
-89.68359513863517,30.091227782486897,120.681538772769272
-89.683877319120029,30.088367511559159,120.670942667871714
-89.684237054998121,30.084721114638782,120.657433080486953
-89.684354278419207,30.083532900894213,120.65303055755794
-89.684898016496774,30.078021399554792,120.632607665844262
-89.69874269746164,30.072845812770439,120.636459184810519
-89.699647750753556,30.072507474757085,120.63671116437763
-89.699682268019586,30.072494571093415,120.636720774695277
-89.700095345275301,30.07245445220315,120.637278881855309
-89.700330306997628,30.072431632250144,120.637596343643963
-89.700814807418794,30.072384576599084,120.638250963762403
-89.713034100883505,30.071197814337005,120.654763333499432
-89.714128561383433,30.07109151813955,120.656242562457919
-89.714189488776213,30.071064534445135,120.656243249773979
-89.715271085657733,30.070585513788522,120.6562554622069
-89.716013432128463,30.070256741304142,120.656263862736523
-89.716680626459691,30.069961252409904,120.656271422281861
-89.717070546588445,30.069788563491194,120.656275845132768
-89.717423964481199,30.069632040784906,120.656279858201742
-89.717611474296234,30.069548995912832,120.656281989999115
-89.717936282298467,30.06940514403507,120.656285681761801
-89.718073689734027,30.069344288645134,120.656287245452404
-89.723178247901131,30.067083567628273,120.656345653347671
-89.725619514664913,30.066002372567812,120.656373826786876
-89.727516768850734,30.065162111321619,120.656395825557411
-89.728639796122479,30.064664741859207,120.656408892944455
-89.729212447913866,30.063844404533093,120.654218468815088
-89.730757094593073,30.061631661392031,120.648309897631407
-89.730866957486214,30.06147428018248,120.647889639250934
-89.730976400866112,30.061317499935573,120.647470980882645
-89.731098167813826,30.061143065884487,120.647005180828273
-89.732177026028523,30.059597575813584,120.642878094688058
-89.732185811612524,30.059584990255345,120.642844485118985
-89.732395007734297,30.056561700204469,120.631483476608992
-89.732615106063577,30.053380852185786,120.61952936835587
-89.732638368487699,30.053044665014731,120.618265866301954
-89.732731551103697,30.051697995399241,120.613204516470432
-89.73273172924624,30.051695420894688,120.613194840028882
-89.732731121725351,30.05169456096694,120.613190453499556
-89.71748614509255,30.030115750074877,120.50311994086951
-89.717486288592823,30.030112230763159,120.503106533549726
-89.717487022649735,30.030094228187647,120.503037941642106
-89.717514499177966,30.029420372703459,120.5004703970626
-89.71752201116152,30.029236143047676,120.499768430367112
-89.717544217450822,30.028691538957577,120.497693320736289
-89.717563124268139,30.028227853654212,120.495926510542631
-89.725835256855959,30.024459987203972,120.495606544427574
-89.725855285111038,30.024459063494234,120.495637591928244
-89.726946659836287,30.024408728931888,120.497329506091774
-89.734509438129109,30.024059931097042,120.509054849855602
-89.735547102537652,30.024889934478303,120.514070744626224
-89.740214558261769,30.028623322651232,120.536631588824093
-89.740760825870439,30.029060269276744,120.539271960966289
-89.742072371719743,30.030109343986236,120.545611212030053
-89.747013386829337,30.034061545877922,120.569492217153311
-89.747499581156774,30.034450441296563,120.571842013858259
-89.747691846402219,30.034604229748716,120.572771236300468
-89.747693169944569,30.034604982804481,120.572776446118951
-89.758325390528157,30.040654396085927,120.6146360039711
-89.764403318048096,30.044112553775967,120.638563926331699
-89.783721771081801,30.04737619909913,120.68464867118746
-89.78581781186476,30.047257269857933,120.687815087847412
-89.814872760172662,30.045608693587425,120.731722236610949
-89.819749518615495,30.045331986552139,120.739094594493508
-89.830950385091882,30.035279440517215,120.719514364376664
-89.831631021739057,30.034668583205494,120.718324448913336
-89.833401421317006,30.03307968620727,120.715229319408536
-89.834153491603331,30.032404718683903,120.713914480060339
-89.834982748548484,30.031660477731503,120.712464681826532
-89.835832370159594,30.030897959913428,120.710979260504246
-89.836390232374995,30.030397290117318,120.710003924556077
-89.841114430326186,30.026157420210662,120.701744094491005
-89.84112174736768,30.026150853317404,120.70173130184412
-89.842151539140247,30.024999478276545,120.699049578048289
-89.84292786045205,30.024131499909764,120.697027886286378
-89.855722145059275,30.009826647042757,120.663703618571162
-89.858746889568025,30.006444783502406,120.655823806300759
-89.853500458194333,29.979657312463647,120.542732696048915
-89.845390022912881,29.957653603173576,120.443185895681381
-89.83968778411348,29.947825198573401,120.395097003318369
-89.83021050311693,29.94123764863804,120.353052266873419
-89.819217207569693,29.936155029039369,120.314227808266878
-89.805649898774746,29.934598237400611,120.284654328599572
-89.776645335181954,29.939426231267166,120.253172555938363
-89.749677857427514,29.947841008308625,120.239195635542274
-89.729118570502521,29.960789477009168,120.253958200104535
-89.720252320177664,29.955708837797683,120.218861845321953
-89.714095101032456,29.948359299724686,120.179626104421914
-89.737496482982891,29.93827364728395,120.180894888937473
-89.743912616071881,29.937904609996441,120.190566989593208
-89.747458601081178,29.930232002729642,120.166857035830617
-89.743664282300259,29.910182146762995,120.082254667766392
-89.712342269779953,29.881301027488004,119.91553279850632
-89.693187734622555,29.870736784527317,119.841201867908239
-89.672737847778393,29.869549671104025,119.801183891482651
-89.66175122957965,29.864924705339998,119.764143235050142
-89.6391982694023,29.866080696655004,119.729642238467932
-89.614341264244544,29.874175258631986,119.718231923878193
-89.599311143518889,29.883423614734195,119.728315835818648
-89.59237605914727,29.899032554135076,119.777172603644431
-89.593528361358722,29.919266485936895,119.857988424599171
-89.584281507349914,29.933717750157115,119.898294668644667
-89.584281671407936,29.947592944267871,119.952304363250732
-89.576179244461258,29.961466304056689,119.99230317119509
-89.575607315103213,29.985747422996127,120.08574943151325
-89.582542713991842,29.99673117477505,120.140410894528031
-89.572715904284692,30.001934222784197,120.143680355511606
-89.552474753910559,30.007717166356503,120.131247985176742
-89.502768514833136,30.036043991395129,120.155646181665361
-89.495245852110656,30.042978796055888,120.169624360278249
-89.495818185670799,30.052806816381597,120.208768591284752
-89.500457053549511,30.060899208701102,120.248166589066386
-89.494666376349528,30.074196562323205,120.289799801073968
-89.483107677037808,30.081133310884677,120.296820464543998
-89.460127259236842,30.065455975754354,120.196450241841376
-89.445798917887885,30.062965244426522,120.162137296050787
-89.430226884503981,30.054247374197818,120.101511840708554
-89.41964465654749,30.051754701913524,120.073637754656374
-89.373554548890581,30.056736835341912,120.013785562478006
-89.369815976372251,30.049264288752386,119.978338637389243
-89.373554335045753,30.03867905382571,119.94363431725651
-89.382274847426189,30.03244991847896,119.934410866349936
-89.394733910077932,30.031826138209951,119.953398023732007
-89.417149444036227,30.022486166131564,119.955634997226298
-89.423993099501786,30.017504384960731,119.948040558956563
-89.433964844649125,30.010031715907758,119.936143623664975
-89.43459026958233,29.993215545422622,119.871827667579055
-89.433964498574483,29.980763159197569,119.822308699600399
-89.406558968437494,29.967683529754087,119.724253392778337
-89.394733159385581,29.968307304122014,119.706340938806534
-89.380404818180509,29.965816572483885,119.672004797495902
-89.379778673430167,29.921602864169106,119.498683368787169
-89.369196379895172,29.913506711111772,119.448917345143855
-89.333070469158699,29.917865084326806,119.403797735460103
-89.316628855791819,29.925223375552136,119.404234049841762
-89.284737887960446,29.975332664532036,119.544717370532453
-89.274491631352106,29.995831808390324,119.606939258053899
-89.25170986766382,30.004372648125273,119.601104306057096
-89.244881351548486,29.999247945889032,119.569451337680221
-89.251144964951379,29.977610213053236,119.495951226912439
-89.219245743413012,29.974762983204901,119.430165205150843
-89.224944897062883,29.963943140447906,119.397784476168454
-89.232352771028999,29.927499468108845,119.268426762893796
-89.246017365337693,29.932055750680373,119.309637574478984
-89.26423674630162,29.931487229780551,119.338686490431428
-89.281319275949855,29.926930673211341,119.350244941189885
-89.319482016477096,29.900165988204797,119.311410647816956
-89.323464519332589,29.889349976417449,119.276052290573716
-89.312638108166183,29.883653137446,119.235209429636598
-89.290428448274085,29.882516618327308,119.192608596757054
-89.273353568308764,29.888780157110077,119.187729298137128
-89.242598848406175,29.891627945054157,119.146043767221272
-89.237471751193496,29.888780476509158,119.12612805981189
-89.237471637773552,29.879099309830583,119.088327348232269
-89.255690878516177,29.86657046710344,119.070674139074981
-89.271072016492397,29.862015833544735,119.079299837350845
-89.296127455289437,29.85916809654179,119.111225952394307
-89.318901615671919,29.85290450733639,119.125907794572413
-89.364465281629137,29.847779339330849,119.184265831485391
-89.384965826161832,29.840947411954868,119.192866147495806
-89.384393509139841,29.832404875359934,119.158504746854305
-89.37414695163055,29.827280204524726,119.120836390182376
-89.346810182275661,29.822155685771722,119.053753094747663
-89.343956474188758,29.80051803892966,118.96422981005162
-89.333145296118047,29.79254585927022,118.914435470476747
-89.319480736187145,29.790837090973447,118.884236410260201
-89.294425430877254,29.805074882795449,118.89684646949172
-89.27847207615865,29.809629520953433,118.887236570939422
-89.278471983057713,29.801657244974983,118.85604752600193
-89.28530802140358,29.797671046298468,118.852202959358692
-89.285879939343459,29.772045324123287,118.752880668267608
-89.270498642267256,29.762936468123776,118.690758220851421
-89.272207610398382,29.758380049512997,118.67584895901382
-89.306372781960988,29.758950012046046,118.736849788576365
-89.317199172483811,29.76293605371194,118.771090547554195
-89.326308998616469,29.774324120528199,118.831356819719076
-89.338836814017995,29.781157660799966,118.879667130298913
-89.355354835453312,29.783434762103962,118.917014963924885
-89.368447085146059,29.777171259830194,118.915048573166132
-89.387238848014931,29.790836488534129,119.000885869376361
-89.395783907158844,29.786850274714936,119.000013417564332
-89.400338587295025,29.772614572874446,118.952159523032606
-89.415711935088879,29.754394544699174,118.907338825985789
-89.429383977696361,29.743574634354236,118.888548313640058
-89.425385577030809,29.699664218682127,118.709584656171501
-89.449296679338062,29.705341868043526,118.773108312860131
-89.473169745760373,29.720622484977046,118.874204461462796
-89.488139024728724,29.727944256903811,118.92873471416533
-89.507243505711514,29.733675351495815,118.984176574274898
-89.53143697643641,29.745772777144229,119.073337700217962
-89.541309624798984,29.745772689192833,119.09039859380573
-89.561360006893977,29.737495076854731,119.092658126726747
-89.574101499421388,29.748638982856725,119.15830597281456
-89.599248534111126,29.749592379995736,119.205532227642834
-89.635229593184306,29.755002906669027,119.288965743966401
-89.652418946204477,29.751501055491079,119.30502968467772
-89.650831651264909,29.721894940851396,119.186429111286998
-89.645742631811643,29.712980533923581,119.142712453380227
-89.61962653590686,29.70279227634963,119.057581956498325
-89.600209359268959,29.706933073205409,119.040188316255808
-89.594159086266941,29.704066541337351,119.018487620167434
-89.600842441458681,29.692287351065943,118.983903098851442
-89.597981286569549,29.686237602840233,118.955240835435688
-89.575061975463527,29.676051223838989,118.875639396719635
-89.558498160406302,29.672231164150332,118.831999279558659
-89.534938085016975,29.672231373607605,118.79124768357724
-89.489091606928611,29.632435256089742,118.555799837224185
-89.486543264225361,29.626387412436841,118.527642561122775
-89.487885110206307,29.623032946650149,118.516786166466773
-89.48810727823539,29.622477551277083,118.514988590963185
-89.505914795492501,29.633537493057165,118.589212880469859
-89.524195308847112,29.641456202048325,118.651915062218904
-89.536379819487664,29.650595600393007,118.708861099556088
-89.584514750752703,29.654861674301266,118.80889671575278
-89.610104344860972,29.65973445151414,118.872320505790412
-89.622288741723324,29.659127839953946,118.891046345233917
-89.624730264212914,29.664611140660178,118.916779033839703
-89.633878210767662,29.67375056574749,118.968459612689912
-89.645452292713571,29.677406646740785,119.00284396763891
-89.650930286735971,29.674967234655007,119.002774918451905
-89.642407779112588,29.64998815452638,118.89005926810205
-89.64240763700677,29.637800874697049,118.842246164567769
-89.648503532938605,29.627442586368829,118.812164113856852
-89.658856828571501,29.626223766315977,118.825331735424697
-89.675916547975262,29.628661070430908,118.864483435638249
-89.685667101331546,29.626831938106335,118.87421980779618
-89.689321545804901,29.617083989308888,118.842302069999278
-89.685666845725493,29.604896742568005,118.78811421431601
-89.672261542787169,29.590274034071602,118.707422996871173
-89.669827621771773,29.582353277979927,118.672080403193831
-89.685666384970219,29.565294761412442,118.632527930662036
-89.685666243339071,29.553105575580656,118.584605830721557
-89.682271589104218,29.53652045588009,118.513481369242072
-89.697409802373897,29.527037850249808,118.502462861128151
-89.700877714113062,29.525456740649137,118.502265357412398
-89.702024801075808,29.522818552401937,118.493876744993031
-89.701680607698307,29.51800102210035,118.474319951608777
-89.695056214469162,29.510593541663678,118.433655391447246
-89.666991911421746,29.492056245228433,118.311914878897369
-89.645217753229346,29.494378837721271,118.283258619718254
-89.636508046133301,29.491330764336748,118.256133051589131
-89.618735465296581,29.470335710540656,118.142548160627484
-89.597709877437765,29.458341565858525,118.058770948089659
-89.593650715893787,29.451860963446627,118.026167434640229
-89.590712670160798,29.439702148090745,117.973099895752966
-89.578272201191069,29.435731999683917,117.935849200002849
-89.575811172112751,29.437773907423871,117.939638418145478
-89.575829234346614,29.443139607731268,117.960843501612544
-89.549861962951809,29.467761463136,118.012944457121193
-89.529604402437073,29.456741256893103,117.93436783272773
-89.533325250088382,29.436607347622527,117.861363624222577
-89.533118143338527,29.42771984555765,117.825919000431895
-89.519542560264753,29.402272386174392,117.701875812374055
-89.509725188736056,29.38821125804958,117.62928781285882
-89.506212112115179,29.388083296139087,117.622692543081939
-89.488481816630539,29.395389044233774,117.620843952521682
-89.485527800774676,29.399513839900489,117.632028276100755
-89.483491857706966,29.408264369226764,117.663080030120909
-89.478313804525598,29.413283134648584,117.673939826898277
-89.471315542488867,29.403513741712189,117.623217253945768
-89.458476172066014,29.395191319442986,117.568088000640273
-89.42355239519722,29.392671767396205,117.497668797150254
-89.381172500228857,29.393829075389913,117.428930278867483
-89.374280299654828,29.389219393274125,117.398782158270478
-89.356698858476065,29.383613860632554,117.346212996169925
-89.341474530153079,29.383457003069658,117.319278424605727
-89.337759414029264,29.380273213406806,117.300261662341654
-89.348785499207878,29.367045855123493,117.266975007019937
-89.351864388542097,29.351590691244517,117.211115851998329
-89.324339734762063,29.346029243261402,117.141511592082679
-89.304935472336481,29.359501661009354,117.161334658041596
-89.284197015966498,29.358513897938693,117.121605886146426
-89.273711730703539,29.353242284135554,117.082624300383031
-89.266468508535027,29.34739967380423,117.046976364217699
-89.259020251917988,29.338920212522201,117.000523089431226
-89.254712999101699,29.324851035999558,116.937327940016985
-89.242037582115131,29.31213085745722,116.865013009868562
-89.225359563414756,29.315841724122972,116.850943324156106
-89.224611298774562,29.320115563794204,116.866598975844681
-89.220901291325376,29.326461241822582,116.885356432758272
-89.205870130786451,29.34072257695636,116.915956911630929
-89.201556103506718,29.346466294048597,116.931278977543116
-89.2017661450963,29.349720110585455,116.944534124806523
-89.190520873635606,29.347109354669492,116.914800378493965
-89.180713600702433,29.341656744781229,116.876284494064748
-89.17851750342173,29.337259009470664,116.855067524127662
-89.179387428349074,29.329019461872125,116.823902282863855
-89.166180872365004,29.305089913545103,116.706224602647126
-89.158758640703496,29.29874233288821,116.668242135085166
-89.141440204711486,29.293136797117146,116.616144545376301
-89.135501943772795,29.281392505008739,116.5592857375741
-89.138143954072135,29.277291711101093,116.547555279918015
-89.130852688399045,29.267685311460898,116.496835423633456
-89.101269877690001,29.252274430410466,116.384628476575017
-89.097336710608317,29.244984872099309,116.348877788521349
-89.096707641631866,29.240083151586205,116.328307124786079
-89.09955264554047,29.235018409985674,116.313071223907173
-89.106996790296179,29.233663420974686,116.320510663092136
-89.107407621708944,29.217968295095567,116.258796825073659
-89.10181339302251,29.208370880560704,116.210971144028008
-89.091887108234658,29.202049320468561,116.168707055971026
-89.069427672338634,29.206223282142016,116.146623217500746
-89.068533703555516,29.210693039919054,116.162871492095292
-89.030265019089597,29.223012683522214,116.146004664711654
-89.023011831412433,29.22021890270079,116.122406258247793
-89.016353613602163,29.213618329531336,116.084681528620422
-89.001834946447914,29.182150215318309,115.93439871724695
-89.006450875424406,29.167009022406916,115.882014157250524
-89.014415028057655,29.165340046768677,115.889071840792894
-89.019505157466597,29.16710590382862,115.904871732927859
-89.025430341204654,29.17210257285609,115.934982656501234
-89.045080679378799,29.164587822984775,115.938879218883812
-89.048394697819447,29.159893057016337,115.925879091024399
-89.039891341114,29.144440995754827,115.849636900238693
-89.033165223054183,29.146807921530709,115.847488025203347
-89.02530997035376,29.139359406606509,115.804258903488517
-89.025102925473135,29.135761609844192,115.789554202929139
-89.027191930257487,29.132187791866301,115.778898419812322
-89.053114222954022,29.108616887652271,115.729524428024888
-89.05663604748284,29.086231111677861,115.646234882995486
-89.063496038694737,29.072298833378238,115.602422277443111
-89.092421622956707,29.068995768314782,115.639127527363598
-89.099229780948534,29.070048650343164,115.655081531964242
-89.10617099342312,29.075705273035318,115.689651747234166
-89.122704297101379,29.07113838598826,115.699953822419047
-89.144615526329076,29.049656401406324,115.651984629221261
-89.15750159190749,29.030848345476965,115.599085912108421
-89.163162568560338,29.017927021951696,115.557211700826883
-89.163488257074661,29.013780032657738,115.541191561147571
-89.165950742259071,29.010770504599414,115.533413033932447
-89.171012578059518,29.010770460812754,115.542164599522948
-89.17689529353126,29.014190302867618,115.566012528724968
-89.187224108174163,29.02005969396172,115.607342203147709
-89.183313108310486,29.027552307095768,115.630531574599445
-89.191056354394178,29.034700838691727,115.672492572106421
-89.199034492466978,29.031766934315041,115.674565099179745
-89.203726614332211,29.033668786888438,115.690281349234283
-89.212307901504417,29.042878195490751,115.741922751069069
-89.217265182367811,29.058435279263929,115.812636175192893
-89.216695226752918,29.063474001423121,115.831770328804851
-89.218365328434842,29.069338657832496,115.858073431067169
-89.227029642077554,29.080722943891104,115.918499266728759
-89.237474932756186,29.086667519710897,115.960288279689848
-89.255891312150581,29.085323435197328,115.986789487302303
-89.258448342440602,29.083148535021071,115.982536976225674
-89.25803425159674,29.075862947441205,115.952748069539666
-89.254805082959066,29.067017471899931,115.911854423582554
-89.260519131165623,29.060421792522494,115.895414415746927
-89.284380585392128,29.055388867950072,115.91663639806211
-89.292255751364863,29.055160812382461,115.929365955293179
-89.306053959142375,29.0484425783863,115.926446721889079
-89.31655511364292,29.041145388492055,115.915505222044885
-89.319268129638814,29.037406574952634,115.905275763012469
-89.316348037068835,29.034726750842836,115.889510976150632
-89.326016031978583,29.015870726399235,115.830938099883497
-89.336394267295532,29.017068569016228,115.853721023537219
-89.33941554890707,29.015000455749568,115.850696773268282
-89.384980547184654,28.949502947546559,115.667845845222473
-89.412646886396715,28.927080970047282,115.62615476269275
-89.421032117857237,28.931778632828763,115.659539433196187
-89.413555269864901,28.959572133033255,115.757779435254633
-89.409324267484649,28.96740872873745,115.781777226366103
-89.399271183921314,28.979083159137538,115.811004880815744
-89.383272892972656,28.983592044344121,115.801252987235785
-89.376215785401911,28.987434889445833,115.804366656579077
-89.335901541460387,29.042399150054475,115.954048286192119
-89.340994784078106,29.054284438230173,116.010329455137253
-89.355965333018972,29.074605166981328,116.117374920286238
-89.375689885828763,29.086235342408486,116.197965395636857
-89.406822582331756,29.088996916289933,116.262984331697226
-89.412322913320409,29.107897807352021,116.347863203845918
-89.410540124131415,29.129913587481862,116.432471164502203
-89.418887425137768,29.140747906868313,116.490090440958738
-89.43013473139743,29.146567482268264,116.532768784090877
-89.434101867289783,29.151080194517764,116.557612315751612
-89.448642513102811,29.180631410417835,116.700394749641418
-89.456999832643589,29.193045641453182,116.764248009771109
-89.473481373000567,29.209603569268573,116.858643538318574
-89.484015683412494,29.217106056634027,116.906726417131722
-89.537773072502958,29.238263400059928,117.084056578576565
-89.607825747802877,29.254072899295608,117.268513737246394
-89.672957559833264,29.291075253538224,117.528455073945224
-89.698435190441472,29.298725600596995,117.603095167316496
-89.727339890428041,29.30607193430664,117.682508142665029
-89.783328163869598,29.313177042213454,117.808183798566461
-89.821038955759164,29.31228575900478,117.870422642678022
-89.85148562057914,29.313812404334705,117.929590250365436
-89.856289990213895,29.337040060614669,118.029811861924827
-89.854880025279883,29.342682757069621,118.049652156420052
-89.84830498401864,29.351228336738746,118.071947029791772
-89.836180839867438,29.361084892246243,118.089736888185143
-89.82200475108958,29.379526985622668,118.137850956991315
-89.818096734202229,29.38642574597019,118.158275392837822
-89.817335745372347,29.395558031494986,118.192996890284121
-89.81809690120825,29.400885184958565,118.21534732542932
-89.820380186655953,29.406212324960705,118.240347404964268
-89.823424566417259,29.411539428743769,118.266670542769134
-89.827230049295224,29.417627620329675,118.29731887485832
-89.836573285121645,29.420576328434649,118.325234305113554
-89.844734993476479,29.423715660936537,118.351842439733446
-89.846257331835545,29.436653015772578,118.405503311194479
-89.837955148627259,29.456076867046189,118.467581641860306
-89.834841350099367,29.458722764978639,118.47258021030575
-89.834841385388287,29.46176687777783,118.484572756104171
-89.834080335206806,29.465571973932711,118.498235794715583
-89.834841473633858,29.469377115575703,118.514549589715898
-89.835602603242023,29.472421192153519,118.527864508330822
-89.841691274966294,29.475465221410662,118.550460315309465
-89.850824341547664,29.480031294779341,118.584353365935385
-89.863762690924233,29.478509138112297,118.600909390486777
-89.877407025858915,29.474203200457087,118.607741689309478
-89.903362436847161,29.462046649009576,118.605139060877264
-89.920182611609434,29.446290380263317,118.572426932863891
-89.933781637358962,29.431325048700252,118.537198776379228
-89.95661410247655,29.430563839718545,118.574073315598071
-89.963134393966158,29.434910266648334,118.60258961841464
-89.965747186247071,29.436651954230292,118.614016120322049
-89.974119181625625,29.445784158645445,118.664616278372705
-89.993146443518924,29.465570559346066,118.775768973864615
-90.013695655032762,29.464809370260586,118.808685065247118
-90.019784196620009,29.45415499550305,118.777387520298362
-90.023589490882955,29.446544724324955,118.754076075740159
-90.030651569162487,29.434050909505295,118.717220481485128
-90.033483335658914,29.429041114331653,118.702438622713089
-90.032722103026742,29.414581682538923,118.644132620655
-90.034480446887841,29.395312216413192,118.571246871724725
-90.030653209754561,29.390174077993997,118.544288146309555
-90.030799112714647,29.38869675245957,118.5387171395123
-90.031151779726699,29.385125858675778,118.52525033056736
-90.031946192170935,29.377082116977817,118.494910332374275
-90.031949631876273,29.37704728859476,118.494778951629996
-90.032039860731615,29.376915227441689,118.494415852241218
-90.034789675619265,29.372890531324668,118.483349548652768
-90.036600201286731,29.370240601826325,118.476062686182559
-90.037559169043647,29.365700847648171,118.459827235899866
-90.034027280885709,29.350665195604616,118.394297509454191
-90.032999900394913,29.346291519210453,118.375230913981795
-90.035459320287828,29.324702716047344,118.294270323589444
-90.029719913393762,29.309126052453522,118.222667280584574
-90.014961835511343,29.304753771651534,118.179543846286833
-90.010862287900153,29.296828814697278,118.141033805906773
-90.017471752727047,29.286301342197259,118.110974033363163
-90.020700836715235,29.284258050470562,118.108547082170844
-90.03327246009907,29.28207173462209,118.121918488293886
-90.044477651615281,29.284531119941192,118.15127557143569
-90.058279144065054,29.28337549705806,118.170888769440353
-90.062241889953981,29.278792173847712,118.159706699661911
-90.060875357317443,29.274693046728142,118.141097723506391
-90.061695188646468,29.269774080876971,118.123075558803976
-90.071807113044045,29.264581752520836,118.120258962735534
-90.087931582275559,29.261302300388955,118.135557518340647
-90.092304359533387,29.263488465986292,118.151876163668931
-90.098863485958759,29.264034962891216,118.165542756207287
-90.102416319459749,29.261848721732679,118.163125573657453
-90.097223458931055,29.242719473212233,118.07831303961575
-90.074539672449802,29.2293291654772,117.985504521988332
-90.074539480713227,29.212659350571563,117.919470923021436
-90.071806493334904,29.210746444043277,117.907097365707159
-90.064794252490017,29.211522457643444,117.897872674278915
-90.044093555409816,29.213813311960134,117.870650342665613
-90.020955297055522,29.233950385436348,117.909872589632869
-90.006901099715392,29.242674019898843,117.919800992123783
-89.971163516374787,29.257799486970622,117.917119496501982
-89.966849463714169,29.261172335845202,117.92292233556509
-89.960691431519933,29.269722910523349,117.945993049070239
-89.952357236917024,29.268170071378524,117.925265924073756
-89.951107176244022,29.26520024906829,117.911323270760477
-89.951938166805064,29.262847373741721,117.903462707065046
-89.957642206610359,29.255790719296758,117.885504277423024
-90.023212162810864,29.218113255052128,117.851086932234466
-90.059695563058995,29.185736752066969,117.786718023009598
-90.08045984474299,29.172020339825934,117.768753896467388
-90.089868035663997,29.164624939770793,117.75593207962811
-90.105346146315952,29.152458220352884,117.734836294315755
-90.175458109487124,29.107354140238847,117.679007401689887
-90.224772917512439,29.087128844166852,117.685461110435426
-90.233170124862824,29.089783620285136,117.710797129198909
-90.246469383199724,29.087877610144105,117.72665143199265
-90.344481116117066,29.059116365367156,117.78521219920367
-90.349956239870465,29.05987127430782,117.797877711243927
-90.351079330711357,29.065734933476438,117.823160585016012
-90.326701949499494,29.077191502915205,117.825653623789549
-90.305316131427702,29.079385295235195,117.796643143519759
-90.294117761346712,29.080814859564484,117.782573966309428
-90.284170136981317,29.084379473915931,117.779195682145655
-90.267476866866005,29.091474221573964,117.777953622862697
-90.259331468129204,29.093680391607748,117.772362919524312
-90.254327953721699,29.095824647640331,117.772063726559281
-90.250992358404872,29.102972012834339,117.794572197832167
-90.251230698440722,29.110119364935873,117.82337143085897
-90.245035878049492,29.112501871169453,117.821919064037502
-90.235421430672986,29.11232033023083,117.804266424849629
-90.235591647210043,29.1308752833779,117.878215407021344
-90.244621923519347,29.138361781738379,117.923819690011442
-90.24981605663929,29.140420619775512,117.941133416257799
-90.270197496103719,29.141292390108557,117.980487698689103
-90.281703776180933,29.144571103456162,118.013762292452157
-90.279507823888011,29.152740662795019,118.042290379293263
-90.298188454813285,29.173365335734054,118.156953794881701
-90.304034621507995,29.177146070991885,118.18223469145596
-90.304136771772136,29.189995346769251,118.23331527877599
-90.302073823144511,29.198217902315449,118.262244341894984
-90.294371702604522,29.201835767132614,118.263003426603973
-90.283988400276812,29.194592266946376,118.216032422147691
-90.27703926677718,29.195715265441887,118.208243138156831
-90.272439296324336,29.206685689021249,118.243586615659297
-90.287809863312177,29.227739368193685,118.353980273008347
-90.301493215781846,29.233285934612773,118.400018073618412
-90.312852532743463,29.239998456095286,118.446574170142412
-90.312712742853208,29.258417421710082,118.519158544018865
-90.317282936434992,29.266819908700874,118.560417763888836
-90.333986429507419,29.278998075465033,118.637952455319464
-90.368357120754965,29.276169928137129,118.687331569381058
-90.369345102237034,29.272778110002928,118.675673644058406
-90.36820301119657,29.26699844511435,118.65082591958344
-90.37375605821228,29.260965734832865,118.636775250546634
-90.389115310426675,29.254828943080369,118.639601067639887
-90.385048025882952,29.237649945629265,118.564517810940742
-90.400655954528716,29.203091751567829,118.455343196168542
-90.409769092726265,29.198466930861386,118.453121433034539
-90.410607584780834,29.198181325038341,118.453470894135535
-90.434103508504819,29.190178181067502,118.463272023946047
-90.437098575115044,29.190495136558344,118.469815481454134
-90.445145829560275,29.197875649253696,118.513237555511296
-90.47368139273523,29.194733572086093,118.551211091689765
-90.474465438540349,29.197269422266437,118.562631047330797
-90.46996538155885,29.200514279596288,118.567519440315664
-90.468425396418354,29.204594063550257,118.580940290354192
-90.486978870573211,29.211887487473451,118.642572109587491
-90.496121142151395,29.218757019128216,118.68589486181736
-90.492180107700378,29.22292681949023,118.695418088696897
-90.46951270855584,29.229575647321759,118.68166043702513
-90.466956833572041,29.244993802357477,118.738090237602592
-90.464058852197383,29.251851442336999,118.760071414522827
-90.451866757501918,29.265780767514858,118.793576617725194
-90.45337881843669,29.268291612795025,118.806162743829191
-90.473972324592793,29.274597074300232,118.867417842149734
-90.496492968993991,29.289317045262379,118.965293469838798
-90.511749331995532,29.292964703755811,119.006634523160756
-90.518471377765778,29.284759105146808,118.986127880401909
-90.527410493108491,29.278532375491139,118.977346487343311
-90.553200058104707,29.280552031268535,119.030902618542314
-90.566631416833872,29.287150539891289,119.080688932910562
-90.583720669829063,29.278076897494319,119.075108662247658
-90.59091950078242,29.250562381793689,118.979225523769855
-90.589665443587009,29.247904542650609,118.966509646736085
-90.585119313645109,29.24492775090112,118.946707463823259
-90.57770117083065,29.246027755274515,118.937926445156336
-90.566572919824708,29.244516939791779,118.912271124310791
-90.545741689684775,29.232726210498534,118.828839735127985
-90.544439751066093,29.229885920647355,118.815312258899212
-90.54550490582821,29.2263355285716,118.803163568489254
-90.557695439075644,29.221956614982574,118.807418549433351
-90.558584350788223,29.209924959296711,118.761424338445067
-90.562083382214226,29.20630513200026,118.75330176204443
-90.57647171371346,29.208870859011128,118.788910305127501
-90.619608576882072,29.205333673088035,118.85130378510803
-90.625356779446108,29.212409222991809,118.889456394128501
-90.628615855136104,29.213047157917785,118.897751088254154
-90.635014967416566,29.21117120644282,118.901672662235796
-90.641418955610021,29.19859785788152,118.86331373360008
-90.646807828522398,29.177911976048016,118.791052235290408
-90.646364785525691,29.175003144046709,118.778758860193193
-90.642058675697726,29.173306278191856,118.764412098564208
-90.63816851674116,29.166617690152549,118.731049492955208
-90.64823731091073,29.130627630978676,118.60640583653003
-90.678919839032034,29.120789912703209,118.621866612695158
-90.692305153418459,29.123769625055651,118.657426745630801
-90.702089355071578,29.123517551984502,118.673796493560076
-90.719231657162098,29.118658673381642,118.684987546876073
-90.732436005734641,29.124933201162644,118.733291279524565
-90.765386583880783,29.115421444151618,118.754165635444224
-90.774655624114089,29.102181109447809,118.718191800639033
-90.800642018813178,29.089425598320432,118.713861981406808
-90.803251026324119,29.085370804243603,118.702433358877897
-90.804896833844253,29.065758898475814,118.627610811963677
-90.799917627517232,29.056891444422718,118.583581684157252
-90.783178215857191,29.051481899684866,118.532338251359761
-90.766384865136416,29.051454050971834,118.502356047742069
-90.751288594423357,29.055297968136962,118.490762425586581
-90.726496231068367,29.068666433250485,118.499728024937212
-90.710300866088559,29.066355708182005,118.461786555126309
-90.706545768873426,29.064729833540465,118.448665502481163
-90.703297963401383,29.062326454418841,118.433360686525702
-90.693400332107373,29.061657837912815,118.413127305917442
-90.684840241955129,29.062995326027199,118.403232137672603
-90.678152687791069,29.065670211961052,118.401970714330673
-90.666783836424997,29.069281328696984,118.396114790812135
-90.653542448473829,29.071287563147781,118.380572437308729
-90.645383617652442,29.073561244589122,118.375115123577416
-90.642441093393387,29.074363716379775,118.373077842406929
-90.640434822469302,29.07489869797072,118.371640702709556
-90.63881746141972,29.074134905087739,118.36574090924114
-90.637227401731494,29.071843048728155,118.353826669976115
-90.638689395610641,29.068659215612939,118.343787373043597
-90.649252570915081,29.064700345320883,118.346821710467339
-90.732095066956319,29.044310760494682,118.413039351813495
-90.756873546574823,29.041048724276692,118.444148054346442
-90.798877431449199,29.041792307846109,118.521826134994626
-90.812670682571607,29.038631363704635,118.533833699300885
-90.840543293423423,29.041217968720009,118.593726876191795
-90.843960408302451,29.044997724341254,118.614808417856693
-90.846047518521331,29.050771379020638,118.641428419388831
-90.842424507113577,29.056316097655007,118.656967543065548
-90.845791727798996,29.069329331460207,118.714563338086009
-90.863956425777403,29.096910609423777,118.856207903474569
-90.868965536789901,29.097481532353548,118.867389738559723
-90.878782851020617,29.106937909924714,118.922324871644378
-90.886551153574786,29.11906215506713,118.984161094762385
-90.89941558798715,29.133387230287582,119.063765012659132
-90.926998415792681,29.155159752881062,119.199015577323735
-90.94307885847951,29.164416085726536,119.264259532094002
-90.949293124553662,29.176146367376163,119.321688262745738
-90.962480477426993,29.182858869863335,119.371708393096924
-90.982660785556305,29.173253231186088,119.369737785309553
-91.001299153254251,29.171523161508301,119.396142607554793
-91.025158711457337,29.176825647514338,119.459654286503792
-91.032989960750342,29.184229158831712,119.50286609120667
-91.059834513617105,29.183774943050064,119.548987014219165
-91.095220318837605,29.189751286899078,119.63577121309936
-91.115965986201559,29.209956958443055,119.752557965926826
-91.130347377949036,29.217901380035272,119.809585494920611
-91.200854905003411,29.223324437486443,119.957026859745383
-91.220240362977208,29.228087993267025,120.010485019534826
-91.280001857049996,29.249811225640073,120.203036239370704
-91.303887565924995,29.26799198239177,120.317378929816186
-91.336096620028883,29.30080683737992,120.50413659773767
-91.3339613626908,29.30784785685487,120.527984730899334
-91.310525172040599,29.307729678541378,120.485541478730738
-91.300264945796613,29.311048719858711,120.480213936418295
-91.293031876305548,29.313388517823967,120.476460157893598
-91.291630898508927,29.315093528116563,120.480652927421033
-91.280952506724205,29.328089285891558,120.512604990042746
-91.277857779777364,29.331855613544054,120.521863218396902
-91.27739822203533,29.334813170072884,120.532658830285072
-91.275518909142164,29.346907785827071,120.576797031797469
-91.271793195479518,29.35744393003171,120.611499493010342
-91.271263694022707,29.358941335439141,120.616430603899062
-91.271150964596899,29.359260128994844,120.617480400018394
-91.267799942233509,29.363246934662076,120.627136174589396
-91.266689482258599,29.363796164006793,120.627305874601007
-91.252756414459014,29.370687407176352,120.629437406547368
-91.252442957632226,29.370842441749726,120.629485411569476
-91.250727641654578,29.371690830612657,120.629748123697937
-91.250319681771145,29.371892606044288,120.629810616374016
-91.246768594916304,29.372608232380713,120.626270447857678
-91.239725487116417,29.374027581900002,120.619250237010419
-91.236558405267459,29.372666687338157,120.60824825707823
-91.223587443123876,29.362732712868553,120.546070913784206
-91.208508390382832,29.362732849636139,120.519125549122691
-91.198674320714801,29.371910787101491,120.537587907165289
-91.201297016077802,29.39157757773074,120.619451463222504
-91.219673487821581,29.409261779193685,120.721634115092456
-91.217186068943434,29.414531900531394,120.737853905186057
-91.2154949222612,29.418114951368267,120.748880072496831
-91.213209515818832,29.422957066851559,120.763779043219984
-91.216310244976896,29.429567533179416,120.795224456116557
-91.218658766815622,29.434574363404348,120.819038078188896
-91.219277546712476,29.4352187099955,120.822667798027396
-91.220453216957708,29.436442956482221,120.829564068466425
-91.222376890011702,29.438446111691839,120.840847624465823
-91.242851369986042,29.44304566661237,120.895435498096049
-91.252531052801871,29.446507829207089,120.926288416609168
-91.259437784947394,29.448978181805114,120.948303107172251
-91.260749116030112,29.460024067976974,120.993895071558654
-91.261055564863881,29.462605413663191,121.004547622054815
-91.26120047600277,29.46382606030501,121.009584658779204
-91.261236002304713,29.46412531308431,121.010819509625435
-91.262799719665921,29.466977237763469,121.024776108562946
-91.266861241152839,29.474384684668667,121.061021789908409
-91.282512675507945,29.483569025414745,121.124920259229839
-91.295537890567715,29.478916168426881,121.129996038973331
-91.33695553269493,29.487907094609088,121.239213493652642
-91.344781099555306,29.494613836164334,121.279433086514473
-91.347094290018717,29.506558143194798,121.330259284004569
-91.357839640095051,29.517210445981561,121.391102055087686
-91.403429546338984,29.513933213654205,121.459873999468982
-91.4216649700478,29.517763831431552,121.507483327761292
-91.428346161929767,29.52223351889657,121.536902534775436
-91.433552972445867,29.534847659778876,121.595476167276502
-91.441157526520172,29.542451471099671,121.638772066682577
-91.44856187437459,29.546765954186125,121.668868269771338
-91.469965312332093,29.546315783445152,121.705448972992599
-91.51849184114154,29.5317570801325,121.735616877675056
-91.532239196071885,29.533559738056884,121.767306230962276
-91.532689972659071,29.537390662881648,121.783062295988202
-91.5270585138705,29.547962167518602,121.814203166402876
-91.5267415787781,29.553919835331055,121.836871175095439
-91.530435735532478,29.56061342499661,121.86959695070982
-91.538663993283578,29.56790293957101,121.912770802155137
-91.54319342905373,29.596366297865679,122.031802918761969
-91.554757130798947,29.634777033520614,122.202060326002538
-91.562128338603785,29.639360708267088,122.233105990104377
-91.571809550535207,29.640322565151223,122.254203938879073
-91.583063769542008,29.639175525984779,122.269922345876694
-91.601400076319266,29.633166694718852,122.279437323100865
-91.626335531990179,29.628205743852732,122.304882611148059
-91.645053972264321,29.632635322531304,122.355712881311774
-91.650162967950223,29.635645174750501,122.3765908787027
-91.649879528397292,29.638722671044707,122.388049519620836
-91.647700133195386,29.641436803614216,122.394690616987646
-91.644420075643637,29.642283786257327,122.392095698043704
-91.63856603850472,29.649226450192437,122.408580676652491
-91.628508010776599,29.664140705279848,122.448501686565578
-91.626336081265251,29.673687189289215,122.481699708849192
-91.628048274788853,29.686760439617487,122.535553928464651
-91.625051388134409,29.701246654290916,122.586428549140692
-91.619701417643796,29.712822054226649,122.621766394935548
-91.619312529274325,29.722699503756797,122.659399148076773
-91.622734778721849,29.737433645845648,122.72269138507545
-91.634052099590036,29.744580140551605,122.770695013925433
-91.66835184842823,29.747825641435146,122.844792529009283
-91.712159670919874,29.74099661914666,122.896940877661109
-91.738478340678654,29.751372793472509,122.984415152110159
-91.753484637092086,29.750266716526422,123.007084325887263
-91.784900193349671,29.742691850462617,123.034187790006399
-91.831725894184018,29.720921638548543,123.034028246998787
-91.847189089354686,29.710767065508765,123.022489725612104
-91.859867281934015,29.705125264922113,123.023438096046448
-91.867743397545098,29.709153663045054,123.053239171393216
-91.881977831134634,29.712842626449682,123.093174344860017
-91.882226703475368,29.715341624701907,123.103309323079884
-91.879558845179389,29.71809035411906,123.109158747829497
-91.876864501362206,29.724319002234758,123.128446325659752
-91.876797373208134,29.724474185715756,123.128926826640964
-91.876797441035791,29.730045309315106,123.150514643639326
-91.879583294702073,29.7370091846402,123.182510319165885
-91.880976272462135,29.744669475202503,123.214689697138965
-91.879583489890834,29.753026166968457,123.244543777778745
-91.875989307616123,29.762083917349045,123.27314218878746
-91.860379269568668,29.785330758105424,123.335018331184983
-91.855905088859572,29.809434028600201,123.420194173231721
-91.87122710038804,29.830325632142426,123.528501152992249
-91.890347531501618,29.838019525458414,123.592619233764708
-91.908119835528296,29.832936644872493,123.604963465593755
-91.91721883585754,29.817651417060887,123.562283606268466
-91.920372897459345,29.817376403123475,123.566898978315294
-91.941953361817326,29.819005110883626,123.612050815485418
-91.962461092418906,29.812218619478148,123.622768277302384
-91.971673509664868,29.806307991080704,123.616526511497796
-91.979611919057035,29.80121475805867,123.611148538067937
-91.985101974450671,29.796513970685996,123.602874512784183
-92.036897881926862,29.78366020966418,123.64660114236176
-92.057630193370969,29.774311541412366,123.647874885238707
-92.108718900748173,29.746428631821409,123.63231254555285
-92.145664315697246,29.718418862366402,123.590718416497111
-92.150582179854268,29.699053905891805,123.524633348919451
-92.135579536495513,29.671519595019348,123.390800938941538
-92.134036394520464,29.66246611901968,123.352910039946437
-92.113018492983642,29.623776493119522,123.164776439778507
-92.094650079245554,29.620700836862696,123.119601190090179
-92.066870525306044,29.621974022873303,123.074300550855696
-92.048900212189963,29.626533932742259,123.059516814537346
-92.026549767281352,29.627654076912904,123.023472885601223
-92.017499497730981,29.620748549633806,122.980302986688912
-92.001600200770483,29.615150628031071,122.92983512673527
-92.001232094367211,29.615021022879347,122.92866668663919
-91.96625931575683,29.610027627901054,122.8461077446118
-91.941130827078496,29.612299732541036,122.809579933993518
-91.936251750421789,29.614247668028543,122.808345459401608
-91.930794718261922,29.620848346977894,122.824148126877844
-91.92405275343603,29.6351806028106,122.867663418874145
-91.900223309941751,29.639017607493869,122.839594837278128
-91.897990235010866,29.636625762719234,122.82627843413502
-91.88354487909865,29.63177816908717,122.781406027264893
-91.867339567615829,29.633591216972899,122.759243664331734
-91.864244530037965,29.635747124321856,122.762042574584484
-91.842520032952621,29.631628556849556,122.706901449710131
-91.84020692304172,29.626483867622937,122.68274163082242
-91.842146907765567,29.621922106322419,122.668506050482392
-91.839522806889534,29.618050348396537,122.64872866217047
-91.822918344171256,29.608059063926973,122.57997221685946
-91.805055897914173,29.601572593813671,122.522575743496418
-91.786200456860996,29.597215012996351,122.471675521694124
-91.779724251184263,29.591231409439398,122.4367351308465
-91.776029089281323,29.584124843451722,122.402426083572209
-91.775910017750206,29.578399166811618,122.379924396052957
-91.747543408459734,29.576349543590084,122.32089008204639
-91.720324741630208,29.567581287762728,122.237775707617402
-91.716864673601521,29.567857304082324,122.232627232559025
-91.713224407750317,29.566753699260278,122.221781244501472
-91.710427710006442,29.563025144912853,122.202226945199072
-91.712876452007862,29.556283992216535,122.180367685854435
-91.735178734102391,29.54151861833811,122.162953542545438
-91.74828095164851,29.537158743315956,122.169542697258294
-91.766671158467545,29.522859379622879,122.146910124458373
-91.773150099851307,29.506887220095646,122.09629120118916
-91.773752041889153,29.501032544560431,122.074536808766425
-91.771291928727052,29.495828860517967,122.049802287481725
-91.771738879574571,29.490970130324744,122.031648134812713
-91.783610051029626,29.484899363485383,122.029346886090934
-91.79034217995553,29.484098346763471,122.038353553973138
-91.801344463356827,29.488844977930256,122.076708321459591
-91.804671532085479,29.488867946035707,122.082795470021665
-91.815832704141556,29.484078113499553,122.084227196872234
-91.822799749708253,29.475942508301252,122.065039783716202
-91.839724157152745,29.480891073479086,122.114878841675818
-91.849889429463602,29.486160682693733,122.153778522275388
-91.853822640663779,29.497000035140491,122.20315751247108
-91.863548929738826,29.504408527784356,122.249596434645355
-91.879971273797551,29.504952345831203,122.281350083649158
-91.888040471386475,29.507592122609363,122.30620505195111
-91.907401019422409,29.520066240713476,122.389772083610296
-91.916548212863361,29.520527130362208,122.408082235604525
-91.948234040185142,29.535173012155962,122.522356005385518
-91.970539543094247,29.538905595713906,122.57718616630882
-91.986954010589372,29.54971983433401,122.648945527151227
-92.028039084358554,29.568815377888509,122.797506267204881
-92.036691405126973,29.580649630779831,122.859169343486428
-92.042397767161162,29.583657601291922,122.881181333214045
-92.04754569703114,29.586371207811894,122.901038674637675
-92.067763105160694,29.585851049833582,122.935582176782191
-92.107153942437677,29.58834354423507,123.016546023078263
-92.159855963984853,29.583624321459013,123.093646695837379
-92.213822835126152,29.564487900062066,123.117109883576632
-92.253093040079463,29.541363887518685,123.09847289416939
-92.281625867075505,29.535443910200609,123.127262922935188
-92.310591452994956,29.53503566427726,123.178297175094485
-92.348471302623949,29.541402952623926,123.271900679916143
-92.403401566086686,29.553276770914863,123.417946957983077
-92.474823139053214,29.563087551370444,123.586071479134262
-92.559841974891185,29.571940257945418,123.775393598712981
-92.617511252913317,29.58073322217864,123.914726692251861
-92.61896655099811,29.581096643952751,123.918792501091957
-92.654893125323156,29.590068344905035,124.01917350012809
-92.745370320780808,29.619608827658229,124.298943024128675
-92.872479537277329,29.672024671371105,124.73424226231873
-92.941704318665543,29.703027267662346,124.980762135237455
-92.975555162194226,29.715973216975328,125.092756643891335
-93.066606332916038,29.742956832287764,125.363808810710907
-93.089434894214222,29.751115155429744,125.437142920680344
-93.178184946434243,29.77247510781838,125.682423454709351
-93.228190039409427,29.779506235954944,125.801436323672533
-93.268712860799084,29.780099817386485,125.878302909433842
-93.296830387220723,29.777057721967619,125.918390651233494
-93.343362174765176,29.765388938966407,125.95928655192256
-93.346251185408505,29.761605125407723,125.950066821649671
-93.348589225129814,29.761033135509294,125.95217869989574
-93.3732877701174,29.765035674221451,126.013113179244101
-93.440233184414026,29.770934703162748,126.159324293024838
-93.476512913843919,29.771227340827842,126.227452928200364
-93.539724102661395,29.765284074193261,126.321465308777988
-93.592049051245553,29.757634007786589,126.388897689059377
-93.636567903372239,29.754790743609735,126.460415760986507
-93.684904795454472,29.749137601892972,126.528285052627325
-93.743213820151666,29.738327656897088,126.594934052787721
-93.767314213425479,29.731484814260352,126.61339443270117
-93.800516694382011,29.717245304083889,126.620373620651662
-93.820261946090483,29.706061749591861,126.614105377346277
-93.839238153863661,29.69260533165723,126.597678868100047
-93.893515169014691,29.767222579117799,126.985017000697553
-93.899739372348179,29.773558160231651,127.020878692157567
-93.89194912190365,29.845136180485241,127.280478855594993
-93.842068983548558,29.916396249239689,127.460210769437253
-93.79070094399971,29.989781981379753,127.644940804690123
-93.757899625765603,30.016131811669204,127.68460089340806
-93.75330756273263,30.018371729687725,127.684633158147335
-93.723750098653085,30.052865414521055,127.761280613020062
-93.722858408177174,30.053906021082586,127.763591900467873
-93.713370415321222,30.069312245026023,127.80466893222183
-93.696953961420576,30.137691556059064,128.034223865717649
-93.696522104804359,30.149561892860419,128.07849249523133
-93.713279038809361,30.196263106327052,128.286584063433111
-93.71749462542499,30.246274257716287,128.483798200264573
-93.721847519190788,30.297914319101292,128.687144579365849
-93.724858566396392,30.296904346442123,128.688882267102599
-93.737168870637319,30.301392975089531,128.728557704947889
-93.767095907255765,30.335268785218201,128.911716892383993
-93.758928484042613,30.392370667289402,129.112011258490384
-93.752711435738917,30.39823539975653,129.122647472657263
-93.742975432564421,30.404954148330351,129.130013092420995
-93.703938895989538,30.4318929932179,129.159549144096673
-93.699575921735288,30.440602548948164,129.184304845519364
-93.699101979590523,30.445783264022893,129.202933266758919
-93.711392040836472,30.50834164977368,129.460803907364607
-93.741321063680701,30.540704550706561,129.637411691248417
-93.729120280884487,30.576007701370617,129.747385953553021
-93.579671273353327,30.803973495008684,130.325352156534791
-93.564568186183564,30.820428731507988,130.35903285164386
-93.559948390575499,30.870751932931054,130.537967436015606
-93.559893765901123,30.871346956885489,130.540081609040499
-93.556246758488498,30.878607449419334,130.560424572788179
-93.555852645302267,30.879392053218364,130.562622677534819
-93.532212937987723,30.926454180902955,130.69437943957746
-93.541632241464782,31.010050469100566,131.021820318885148
-93.52892287125573,31.076420933821144,131.244404430501163
-93.533024381013774,31.182723039796095,131.644573468714952
-93.53637751352835,31.187519742617869,131.668375315144658
-93.550211807144265,31.18850655067515,131.697229376994073
-93.553820816297716,31.187510662556925,131.700135896913707
-93.553929868657747,31.18748057010081,131.700223726220429
-93.580496162323556,31.169328304383527,131.681718295440078
-93.589784325566285,31.167487313261034,131.69187075085938
-93.60010965702935,31.176584709825104,131.744263269007206
-93.600986824476507,31.178361242076647,131.752414948306978
-93.60359682273895,31.183647286482781,131.776667939499021
-93.608525233402275,31.206709968736213,131.870661082677543
-93.609440562743373,31.229737693483841,131.957146446220577
-93.615685135682071,31.262769816013236,132.090097405947745
-93.622112406981159,31.273199178967239,132.140172733925283
-93.645690963056168,31.279009624274572,132.20453227777034
-93.672960819676334,31.301484117453821,132.336858018301427
-93.642090185900187,31.374440424321662,132.548300875350833
-93.671467980439502,31.389077327627156,132.655476453714073
-93.697152803476953,31.411283853144138,132.78362159896642
-93.730901561016822,31.489809215184867,133.132266712374985
-93.799377580661982,31.53592800304413,133.425370743498206
-93.819873281430787,31.556708660305066,133.538480528630316
-93.836215489498031,31.588090714356937,133.682558770291507
-93.836216044751097,31.588091780613276,133.682563664391637
-93.827582266142471,31.616782301497388,133.77121159248054
-93.818351864849632,31.67357029744959,133.960765623487532
-93.813770375941289,31.717119971137755,134.110462443903089
-93.841324122173006,31.802465047486649,134.469715308398008
-93.879521509276259,31.846142495067948,134.697082833386958
-93.890489904562983,31.85868449184305,134.762330158613622
-93.921587980900796,31.890514446222443,134.933771955780685
-93.933433291381206,31.895535052718166,134.97343354485929
-93.976676588632728,31.925520983370358,135.160209274850786
-94.01693119541298,31.981713523839517,135.435698131099343
-94.044022017943135,32.001121194183703,135.554772362112999
-94.044002820533734,32.057865121600628,135.758418224751949
-94.043640720137574,32.121763669735117,135.986720338463783
-94.043984983703055,32.139804691430776,136.051913933828473
-94.043895268595065,32.159944604654967,136.123790145851672
-94.043843391891215,32.168673133938128,136.154904210008681
-94.043870393407701,32.168741129989009,136.155196377076209
-94.043925337277869,32.19785051628093,136.259317773394287
-94.043967126568873,32.219990363909439,136.338450856506824
-94.044037864250541,32.271461589307705,136.522176569327712
-94.044038865359312,32.2715375852042,136.522449256852269
-94.044046212922808,32.365395535221495,136.85654507111758
-94.044070354067827,32.375168009789348,136.891321043483913
-94.044208629819195,32.394117990295506,136.958893422968686
-94.044230740304158,32.401752580032102,136.986045622266829
-94.044206750497892,32.402493540489729,136.988633120432496
-94.044294255055206,32.43733966901673,137.112458827905357
-94.04421631678288,32.441723434607241,137.127866447903216
-94.044211757474827,32.472216799124325,137.235960860736668
-94.044183770821306,32.473178747839,137.239318823441863
-94.044210793910025,32.474736664030488,137.244888045825064
-94.044303869566548,32.47983438976911,137.263118018396199
-94.044263901415619,32.482091269201518,137.271040936931968
-94.044380962257677,32.486130051494925,137.285559626296163
-94.044397995334862,32.488390930137456,137.293598493561149
-94.044220082802752,32.494681594849133,137.315554962493479
-94.044194260351887,32.506973936467404,137.359030402265489
-94.044390387073918,32.515441480823732,137.389356629922986
-94.044452054315244,32.56132802358097,137.551756073720753
-94.044393122269128,32.566086769576245,137.568467349745333
-94.044229786487193,32.611965317948545,137.73019215837121
-94.044239904964599,32.620082884028776,137.758855142630637
-94.044236959627312,32.623837683425052,137.772097192704678
-94.044135224245096,32.6421267074764,137.83641832601279
-94.044091269464943,32.645287539123537,137.847483572550118
-94.044224442365348,32.656947915087095,137.888828589580953
-94.044458994829753,32.694848889972953,138.022761421278119
